Number_of_Tags,Count,Percentage
1,2129,38.914275269603365
2,2799,51.160665326265764
3,504,9.212209833668433
4,34,0.6214585998903308
5,4,0.07311277645768598
7,1,0.018278194114421494
